"Session","Index","Timestamp","Date","Time","O2 Saturation","Pulse Rate","Perfusion Index"
"0","0","1771935110","Tuesday, 24 February 2026","5:41:50 PM India Standard Time",--,--,--
"0","1","1771935111","Tuesday, 24 February 2026","5:41:51 PM India Standard Time",--,--,--
"0","2","1771935112","Tuesday, 24 February 2026","5:41:52 PM India Standard Time",--,--,--
"0","3","1771935113","Tuesday, 24 February 2026","5:41:53 PM India Standard Time",--,--,--
"0","4","1771935114","Tuesday, 24 February 2026","5:41:54 PM India Standard Time","100",--,"17"
"0","5","1771935115","Tuesday, 24 February 2026","5:41:55 PM India Standard Time","100",--,"20"
"0","6","1771935116","Tuesday, 24 February 2026","5:41:56 PM India Standard Time","98",--,"8.2"
"0","7","1771935117","Tuesday, 24 February 2026","5:41:57 PM India Standard Time","95",--,"2.3"
"0","8","1771935118","Tuesday, 24 February 2026","5:41:58 PM India Standard Time","96",--,"0.35"
"0","9","1771935119","Tuesday, 24 February 2026","5:41:59 PM India Standard Time","95",--,"0.49"
"0","10","1771935120","Tuesday, 24 February 2026","5:42:00 PM India Standard Time","95","63","0.54"
"0","11","1771935121","Tuesday, 24 February 2026","5:42:01 PM India Standard Time","95","63","0.54"
"0","12","1771935122","Tuesday, 24 February 2026","5:42:02 PM India Standard Time","95","62","0.77"
"0","13","1771935123","Tuesday, 24 February 2026","5:42:03 PM India Standard Time","96","62","1.2"
"0","14","1771935124","Tuesday, 24 February 2026","5:42:04 PM India Standard Time","96","61","1.4"
"0","15","1771935125","Tuesday, 24 February 2026","5:42:05 PM India Standard Time","96","59","1.5"
"0","16","1771935126","Tuesday, 24 February 2026","5:42:06 PM India Standard Time","96","59","1.5"
"0","17","1771935127","Tuesday, 24 February 2026","5:42:07 PM India Standard Time","97","57","1.6"
"0","18","1771935128","Tuesday, 24 February 2026","5:42:08 PM India Standard Time","97","59","1.5"
"0","19","1771935129","Tuesday, 24 February 2026","5:42:09 PM India Standard Time","98","60","1.4"
"0","20","1771935130","Tuesday, 24 February 2026","5:42:10 PM India Standard Time","98","60","1.3"
"0","21","1771935131","Tuesday, 24 February 2026","5:42:11 PM India Standard Time","99","61","1.3"
"0","22","1771935132","Tuesday, 24 February 2026","5:42:12 PM India Standard Time","99","62","1.3"
"0","23","1771935133","Tuesday, 24 February 2026","5:42:13 PM India Standard Time","99","62","1.3"
"0","24","1771935134","Tuesday, 24 February 2026","5:42:14 PM India Standard Time","99","63","1.3"
"0","25","1771935135","Tuesday, 24 February 2026","5:42:15 PM India Standard Time","99","65","1.3"
"0","26","1771935136","Tuesday, 24 February 2026","5:42:16 PM India Standard Time","99","65","1.3"
"0","27","1771935137","Tuesday, 24 February 2026","5:42:17 PM India Standard Time","100","65","1.3"
"0","28","1771935138","Tuesday, 24 February 2026","5:42:18 PM India Standard Time","100","67","1.4"
"0","29","1771935139","Tuesday, 24 February 2026","5:42:19 PM India Standard Time","100","67","1.3"
"0","30","1771935140","Tuesday, 24 February 2026","5:42:20 PM India Standard Time","100","68","1.3"
"0","31","1771935141","Tuesday, 24 February 2026","5:42:21 PM India Standard Time","100","69","1.2"
"0","32","1771935142","Tuesday, 24 February 2026","5:42:22 PM India Standard Time","100","68","1.3"
"0","33","1771935143","Tuesday, 24 February 2026","5:42:23 PM India Standard Time","100","67","1.3"
"0","34","1771935144","Tuesday, 24 February 2026","5:42:24 PM India Standard Time","100","66","1.3"
"0","35","1771935145","Tuesday, 24 February 2026","5:42:25 PM India Standard Time","100","66","1.2"
"0","36","1771935146","Tuesday, 24 February 2026","5:42:26 PM India Standard Time","100","65","0.98"
"0","37","1771935147","Tuesday, 24 February 2026","5:42:27 PM India Standard Time","99","64","0.96"
"0","38","1771935148","Tuesday, 24 February 2026","5:42:28 PM India Standard Time","99","63","0.95"
"0","39","1771935149","Tuesday, 24 February 2026","5:42:29 PM India Standard Time","99","62","0.95"
"0","40","1771935150","Tuesday, 24 February 2026","5:42:30 PM India Standard Time","99","62","0.93"
"0","41","1771935151","Tuesday, 24 February 2026","5:42:31 PM India Standard Time","99","62","0.89"
"0","42","1771935152","Tuesday, 24 February 2026","5:42:32 PM India Standard Time","99","62","0.89"
"0","43","1771935153","Tuesday, 24 February 2026","5:42:33 PM India Standard Time","99","60","0.82"
"0","44","1771935154","Tuesday, 24 February 2026","5:42:34 PM India Standard Time","99","59","0.75"
"0","45","1771935155","Tuesday, 24 February 2026","5:42:35 PM India Standard Time","100","58","0.99"
"0","46","1771935156","Tuesday, 24 February 2026","5:42:36 PM India Standard Time","100","58","1.3"
"0","47","1771935157","Tuesday, 24 February 2026","5:42:37 PM India Standard Time","100","58","1.3"
"0","48","1771935158","Tuesday, 24 February 2026","5:42:38 PM India Standard Time","100","58","1.1"
"0","49","1771935159","Tuesday, 24 February 2026","5:42:39 PM India Standard Time","99","57","0.93"
"0","50","1771935160","Tuesday, 24 February 2026","5:42:40 PM India Standard Time","99","58","1.1"
"0","51","1771935161","Tuesday, 24 February 2026","5:42:41 PM India Standard Time","99","58","0.86"
"0","52","1771935162","Tuesday, 24 February 2026","5:42:42 PM India Standard Time","99","58","0.68"
"0","53","1771935163","Tuesday, 24 February 2026","5:42:43 PM India Standard Time","100","58","0.61"
"0","54","1771935164","Tuesday, 24 February 2026","5:42:44 PM India Standard Time","100","58","0.61"
"0","55","1771935165","Tuesday, 24 February 2026","5:42:45 PM India Standard Time","100","58","0.75"
"0","56","1771935166","Tuesday, 24 February 2026","5:42:46 PM India Standard Time","100","58","0.96"
"0","57","1771935167","Tuesday, 24 February 2026","5:42:47 PM India Standard Time","100","58","1.1"
"0","58","1771935168","Tuesday, 24 February 2026","5:42:48 PM India Standard Time","100","58","1.1"
"0","59","1771935169","Tuesday, 24 February 2026","5:42:49 PM India Standard Time","100","59","1.1"
"0","60","1771935170","Tuesday, 24 February 2026","5:42:50 PM India Standard Time","100","59","1.1"
"0","61","1771935171","Tuesday, 24 February 2026","5:42:51 PM India Standard Time","100","59","0.88"
"0","62","1771935172","Tuesday, 24 February 2026","5:42:52 PM India Standard Time","100","61","0.93"
"0","63","1771935173","Tuesday, 24 February 2026","5:42:53 PM India Standard Time","100","61","1.1"
"0","64","1771935174","Tuesday, 24 February 2026","5:42:54 PM India Standard Time","100","61","0.94"
"0","65","1771935175","Tuesday, 24 February 2026","5:42:55 PM India Standard Time","100","60","1.1"
"0","66","1771935176","Tuesday, 24 February 2026","5:42:56 PM India Standard Time","100","60","1.0"
"0","67","1771935177","Tuesday, 24 February 2026","5:42:57 PM India Standard Time","100","60","1.0"
"0","68","1771935178","Tuesday, 24 February 2026","5:42:58 PM India Standard Time","100","61","1.1"
"0","69","1771935179","Tuesday, 24 February 2026","5:42:59 PM India Standard Time","100","61","1.1"
"0","70","1771935180","Tuesday, 24 February 2026","5:43:00 PM India Standard Time","100","63","1.2"
"0","71","1771935181","Tuesday, 24 February 2026","5:43:01 PM India Standard Time","100","63","1.3"
"0","72","1771935182","Tuesday, 24 February 2026","5:43:02 PM India Standard Time","100","62","1.3"
"0","73","1771935183","Tuesday, 24 February 2026","5:43:03 PM India Standard Time","100","62","1.2"
"0","74","1771935184","Tuesday, 24 February 2026","5:43:04 PM India Standard Time","100","62","1.3"
"0","75","1771935185","Tuesday, 24 February 2026","5:43:05 PM India Standard Time","100","62","1.3"
"0","76","1771935186","Tuesday, 24 February 2026","5:43:06 PM India Standard Time","100","62","1.3"
"0","77","1771935187","Tuesday, 24 February 2026","5:43:07 PM India Standard Time","100","63","1.3"
"0","78","1771935188","Tuesday, 24 February 2026","5:43:08 PM India Standard Time","100","62","1.1"
"0","79","1771935189","Tuesday, 24 February 2026","5:43:09 PM India Standard Time","100","62","1.3"
"0","80","1771935190","Tuesday, 24 February 2026","5:43:10 PM India Standard Time","100","61","1.3"
"0","81","1771935191","Tuesday, 24 February 2026","5:43:11 PM India Standard Time","100","61","1.3"
"0","82","1771935192","Tuesday, 24 February 2026","5:43:12 PM India Standard Time","100","61","1.2"
"0","83","1771935193","Tuesday, 24 February 2026","5:43:13 PM India Standard Time","100","61","1.2"
"0","84","1771935194","Tuesday, 24 February 2026","5:43:14 PM India Standard Time","100","61","1.2"
"0","85","1771935195","Tuesday, 24 February 2026","5:43:15 PM India Standard Time","100","61","1.2"
"0","86","1771935196","Tuesday, 24 February 2026","5:43:16 PM India Standard Time","100","62","1.2"
"0","87","1771935197","Tuesday, 24 February 2026","5:43:17 PM India Standard Time","100","61","1.2"
"0","88","1771935198","Tuesday, 24 February 2026","5:43:18 PM India Standard Time","100","61","1.2"
"0","89","1771935199","Tuesday, 24 February 2026","5:43:19 PM India Standard Time","100","62","1.2"
"0","90","1771935200","Tuesday, 24 February 2026","5:43:20 PM India Standard Time","100","61","1.2"
"0","91","1771935201","Tuesday, 24 February 2026","5:43:21 PM India Standard Time","100","61","1.2"
"0","92","1771935202","Tuesday, 24 February 2026","5:43:22 PM India Standard Time","100","61","1.2"
"0","93","1771935203","Tuesday, 24 February 2026","5:43:23 PM India Standard Time","100","60","1.2"
"0","94","1771935204","Tuesday, 24 February 2026","5:43:24 PM India Standard Time","100","61","1.2"
"0","95","1771935205","Tuesday, 24 February 2026","5:43:25 PM India Standard Time","100","61","1.2"
"0","96","1771935206","Tuesday, 24 February 2026","5:43:26 PM India Standard Time","100","61","1.2"
"0","97","1771935207","Tuesday, 24 February 2026","5:43:27 PM India Standard Time","100","61","1.2"
"0","98","1771935208","Tuesday, 24 February 2026","5:43:28 PM India Standard Time","100","60","1.5"
"0","99","1771935209","Tuesday, 24 February 2026","5:43:29 PM India Standard Time","100","61","1.9"
"0","100","1771935210","Tuesday, 24 February 2026","5:43:30 PM India Standard Time","100","61","2.1"
"0","101","1771935211","Tuesday, 24 February 2026","5:43:31 PM India Standard Time","100","61","2.2"
"0","102","1771935212","Tuesday, 24 February 2026","5:43:32 PM India Standard Time","100","61","2.2"
"0","103","1771935213","Tuesday, 24 February 2026","5:43:33 PM India Standard Time","100","63","2.3"
"0","104","1771935214","Tuesday, 24 February 2026","5:43:34 PM India Standard Time","100","63","2.3"
"0","105","1771935215","Tuesday, 24 February 2026","5:43:35 PM India Standard Time","100","63","2.5"
"0","106","1771935216","Tuesday, 24 February 2026","5:43:36 PM India Standard Time","100","63","2.4"
"0","107","1771935217","Tuesday, 24 February 2026","5:43:37 PM India Standard Time","100","64","2.3"
"0","108","1771935218","Tuesday, 24 February 2026","5:43:38 PM India Standard Time","100","64","2.4"
"0","109","1771935219","Tuesday, 24 February 2026","5:43:39 PM India Standard Time","100","64","2.4"
"0","110","1771935220","Tuesday, 24 February 2026","5:43:40 PM India Standard Time","100","64","2.4"
"0","111","1771935221","Tuesday, 24 February 2026","5:43:41 PM India Standard Time","100","64","2.4"
"0","112","1771935222","Tuesday, 24 February 2026","5:43:42 PM India Standard Time","100","62","2.4"
"0","113","1771935223","Tuesday, 24 February 2026","5:43:43 PM India Standard Time","100","62","2.9"
"0","114","1771935224","Tuesday, 24 February 2026","5:43:44 PM India Standard Time","100","62","3.1"
"0","115","1771935225","Tuesday, 24 February 2026","5:43:45 PM India Standard Time","100","61","3.2"
"0","116","1771935226","Tuesday, 24 February 2026","5:43:46 PM India Standard Time","100","61","3.2"
"0","117","1771935227","Tuesday, 24 February 2026","5:43:47 PM India Standard Time","99","61","3.2"
"0","118","1771935228","Tuesday, 24 February 2026","5:43:48 PM India Standard Time","99","62","3.2"
"0","119","1771935229","Tuesday, 24 February 2026","5:43:49 PM India Standard Time","99","62","2.7"
"0","120","1771935230","Tuesday, 24 February 2026","5:43:50 PM India Standard Time","99","62","2.5"
"0","121","1771935231","Tuesday, 24 February 2026","5:43:51 PM India Standard Time","99","62","2.5"
"0","122","1771935232","Tuesday, 24 February 2026","5:43:52 PM India Standard Time","99","62","2.5"
"0","123","1771935233","Tuesday, 24 February 2026","5:43:53 PM India Standard Time","99","63","2.5"
"0","124","1771935234","Tuesday, 24 February 2026","5:43:54 PM India Standard Time","99","63","2.5"
"0","125","1771935235","Tuesday, 24 February 2026","5:43:55 PM India Standard Time","99","63","2.6"
"0","126","1771935236","Tuesday, 24 February 2026","5:43:56 PM India Standard Time","100","64","2.6"
"0","127","1771935237","Tuesday, 24 February 2026","5:43:57 PM India Standard Time","100","66","1.7"
"0","128","1771935238","Tuesday, 24 February 2026","5:43:58 PM India Standard Time","100","67","1.4"
"0","129","1771935239","Tuesday, 24 February 2026","5:43:59 PM India Standard Time","100","68","1.2"
"0","130","1771935240","Tuesday, 24 February 2026","5:44:00 PM India Standard Time","100","68","1.3"
"0","131","1771935241","Tuesday, 24 February 2026","5:44:01 PM India Standard Time","99","69","1.3"
"0","132","1771935242","Tuesday, 24 February 2026","5:44:02 PM India Standard Time","99","70","1.2"
"0","133","1771935243","Tuesday, 24 February 2026","5:44:03 PM India Standard Time","99","69","1.3"
"0","134","1771935244","Tuesday, 24 February 2026","5:44:04 PM India Standard Time","99","69","1.4"
"0","135","1771935245","Tuesday, 24 February 2026","5:44:05 PM India Standard Time","100","69","1.4"
"0","136","1771935246","Tuesday, 24 February 2026","5:44:06 PM India Standard Time","100","69","1.4"
"0","137","1771935247","Tuesday, 24 February 2026","5:44:07 PM India Standard Time","100","68","1.4"
"0","138","1771935248","Tuesday, 24 February 2026","5:44:08 PM India Standard Time","100","68","1.4"
"0","139","1771935249","Tuesday, 24 February 2026","5:44:09 PM India Standard Time","99","69","1.4"
"0","140","1771935250","Tuesday, 24 February 2026","5:44:10 PM India Standard Time","99","69","1.4"
"0","141","1771935251","Tuesday, 24 February 2026","5:44:11 PM India Standard Time","99","65","1.4"
"0","142","1771935252","Tuesday, 24 February 2026","5:44:12 PM India Standard Time","99","65","1.4"
"0","143","1771935253","Tuesday, 24 February 2026","5:44:13 PM India Standard Time","99","65","1.4"
"0","144","1771935254","Tuesday, 24 February 2026","5:44:14 PM India Standard Time","99","64","1.7"
"0","145","1771935255","Tuesday, 24 February 2026","5:44:15 PM India Standard Time","99","64","1.7"
"0","146","1771935256","Tuesday, 24 February 2026","5:44:16 PM India Standard Time","99","64","1.5"
"0","147","1771935257","Tuesday, 24 February 2026","5:44:17 PM India Standard Time","99","65","1.6"
"0","148","1771935258","Tuesday, 24 February 2026","5:44:18 PM India Standard Time","99","65","1.6"
"0","149","1771935259","Tuesday, 24 February 2026","5:44:19 PM India Standard Time","99","63","1.9"
"0","150","1771935260","Tuesday, 24 February 2026","5:44:20 PM India Standard Time","99","62","2.1"
"0","151","1771935261","Tuesday, 24 February 2026","5:44:21 PM India Standard Time","99","62","2.2"
"0","152","1771935262","Tuesday, 24 February 2026","5:44:22 PM India Standard Time","99","62","2.3"
"0","153","1771935263","Tuesday, 24 February 2026","5:44:23 PM India Standard Time","99","64","2.3"
"0","154","1771935264","Tuesday, 24 February 2026","5:44:24 PM India Standard Time","99","65","2.3"
"0","155","1771935265","Tuesday, 24 February 2026","5:44:25 PM India Standard Time","99","65","2.3"
"0","156","1771935266","Tuesday, 24 February 2026","5:44:26 PM India Standard Time","99","65","2.3"
"0","157","1771935267","Tuesday, 24 February 2026","5:44:27 PM India Standard Time","99","63","2.3"
"0","158","1771935268","Tuesday, 24 February 2026","5:44:28 PM India Standard Time","99","63","2.3"
"0","159","1771935269","Tuesday, 24 February 2026","5:44:29 PM India Standard Time","99","63","2.3"
"0","160","1771935270","Tuesday, 24 February 2026","5:44:30 PM India Standard Time","100","63","2.3"
"0","161","1771935271","Tuesday, 24 February 2026","5:44:31 PM India Standard Time","100","63","2.3"
"0","162","1771935272","Tuesday, 24 February 2026","5:44:32 PM India Standard Time","100","63","2.3"
"0","163","1771935273","Tuesday, 24 February 2026","5:44:33 PM India Standard Time","100","62","2.3"
"0","164","1771935274","Tuesday, 24 February 2026","5:44:34 PM India Standard Time","100","62","2.1"
"0","165","1771935275","Tuesday, 24 February 2026","5:44:35 PM India Standard Time","100","61","2.2"
"0","166","1771935276","Tuesday, 24 February 2026","5:44:36 PM India Standard Time","100","62","2.1"
"0","167","1771935277","Tuesday, 24 February 2026","5:44:37 PM India Standard Time","100","62","2.1"
"0","168","1771935278","Tuesday, 24 February 2026","5:44:38 PM India Standard Time","100","62","1.9"
"0","169","1771935279","Tuesday, 24 February 2026","5:44:39 PM India Standard Time","100","62","2.0"
"0","170","1771935280","Tuesday, 24 February 2026","5:44:40 PM India Standard Time","100","63","1.9"
"0","171","1771935281","Tuesday, 24 February 2026","5:44:41 PM India Standard Time","100","63","2.0"
"0","172","1771935282","Tuesday, 24 February 2026","5:44:42 PM India Standard Time","100","63","2.1"
"0","173","1771935283","Tuesday, 24 February 2026","5:44:43 PM India Standard Time","100","63","2.0"
"0","174","1771935284","Tuesday, 24 February 2026","5:44:44 PM India Standard Time","100","63","2.0"
"0","175","1771935285","Tuesday, 24 February 2026","5:44:45 PM India Standard Time","100","64","1.9"
"0","176","1771935286","Tuesday, 24 February 2026","5:44:46 PM India Standard Time","100","64","2.1"
"0","177","1771935287","Tuesday, 24 February 2026","5:44:47 PM India Standard Time","100","65","2.0"
"0","178","1771935288","Tuesday, 24 February 2026","5:44:48 PM India Standard Time","100","66","2.0"
"0","179","1771935289","Tuesday, 24 February 2026","5:44:49 PM India Standard Time","100","68","2.1"
"0","180","1771935290","Tuesday, 24 February 2026","5:44:50 PM India Standard Time","100","68","2.3"
"0","181","1771935291","Tuesday, 24 February 2026","5:44:51 PM India Standard Time","100","69","2.3"
"0","182","1771935292","Tuesday, 24 February 2026","5:44:52 PM India Standard Time","100","68","2.6"
"0","183","1771935293","Tuesday, 24 February 2026","5:44:53 PM India Standard Time","100","67","2.8"
"0","184","1771935294","Tuesday, 24 February 2026","5:44:54 PM India Standard Time","100","66","2.9"
"0","185","1771935295","Tuesday, 24 February 2026","5:44:55 PM India Standard Time","100","66","3.0"
"0","186","1771935296","Tuesday, 24 February 2026","5:44:56 PM India Standard Time","100","66","2.9"
"0","187","1771935297","Tuesday, 24 February 2026","5:44:57 PM India Standard Time","100","65","2.8"
"0","188","1771935298","Tuesday, 24 February 2026","5:44:58 PM India Standard Time","100","64","3.0"
"0","189","1771935299","Tuesday, 24 February 2026","5:44:59 PM India Standard Time","100","65","2.9"
"0","190","1771935300","Tuesday, 24 February 2026","5:45:00 PM India Standard Time","100","65","2.9"
"0","191","1771935301","Tuesday, 24 February 2026","5:45:01 PM India Standard Time","99","65","2.9"
"0","192","1771935302","Tuesday, 24 February 2026","5:45:02 PM India Standard Time","99","65","2.6"
"0","193","1771935303","Tuesday, 24 February 2026","5:45:03 PM India Standard Time","99","65","2.6"
"0","194","1771935304","Tuesday, 24 February 2026","5:45:04 PM India Standard Time","99","65","2.3"
"0","195","1771935305","Tuesday, 24 February 2026","5:45:05 PM India Standard Time","99","66","2.2"
"0","196","1771935306","Tuesday, 24 February 2026","5:45:06 PM India Standard Time","99","66","2.5"
"0","197","1771935307","Tuesday, 24 February 2026","5:45:07 PM India Standard Time","99","68","2.6"
"0","198","1771935308","Tuesday, 24 February 2026","5:45:08 PM India Standard Time","99","68","2.6"
"0","199","1771935309","Tuesday, 24 February 2026","5:45:09 PM India Standard Time","99","69","2.5"
"0","200","1771935310","Tuesday, 24 February 2026","5:45:10 PM India Standard Time","99","68","2.4"
"0","201","1771935311","Tuesday, 24 February 2026","5:45:11 PM India Standard Time","99","69","2.1"
"0","202","1771935312","Tuesday, 24 February 2026","5:45:12 PM India Standard Time","99","71","2.0"
"0","203","1771935313","Tuesday, 24 February 2026","5:45:13 PM India Standard Time","99","72","2.1"
"0","204","1771935314","Tuesday, 24 February 2026","5:45:14 PM India Standard Time","99","73","2.0"
"0","205","1771935315","Tuesday, 24 February 2026","5:45:15 PM India Standard Time","99","73","2.0"
"0","206","1771935316","Tuesday, 24 February 2026","5:45:16 PM India Standard Time","99","77","2.0"
"0","207","1771935317","Tuesday, 24 February 2026","5:45:17 PM India Standard Time","99","78","2.0"
"0","208","1771935318","Tuesday, 24 February 2026","5:45:18 PM India Standard Time","99","78","1.9"
"0","209","1771935319","Tuesday, 24 February 2026","5:45:19 PM India Standard Time","99","76","2.1"
"0","210","1771935320","Tuesday, 24 February 2026","5:45:20 PM India Standard Time","99","75","2.3"
"0","211","1771935321","Tuesday, 24 February 2026","5:45:21 PM India Standard Time","99","74","2.4"
"0","212","1771935322","Tuesday, 24 February 2026","5:45:22 PM India Standard Time","99","74","2.4"
"0","213","1771935323","Tuesday, 24 February 2026","5:45:23 PM India Standard Time","99","72","2.4"
"0","214","1771935324","Tuesday, 24 February 2026","5:45:24 PM India Standard Time","99","71","2.4"
"0","215","1771935325","Tuesday, 24 February 2026","5:45:25 PM India Standard Time","99","68","2.4"
"0","216","1771935326","Tuesday, 24 February 2026","5:45:26 PM India Standard Time","99","66","2.5"
"0","217","1771935327","Tuesday, 24 February 2026","5:45:27 PM India Standard Time","99","66","2.5"
"0","218","1771935328","Tuesday, 24 February 2026","5:45:28 PM India Standard Time","99","66","2.5"
"0","219","1771935329","Tuesday, 24 February 2026","5:45:29 PM India Standard Time","99","67","2.4"
"0","220","1771935330","Tuesday, 24 February 2026","5:45:30 PM India Standard Time","99","67","2.1"
"0","221","1771935331","Tuesday, 24 February 2026","5:45:31 PM India Standard Time","100","68","2.3"
"0","222","1771935332","Tuesday, 24 February 2026","5:45:32 PM India Standard Time","100","68","2.3"
"0","223","1771935333","Tuesday, 24 February 2026","5:45:33 PM India Standard Time","100","69","2.2"
"0","224","1771935334","Tuesday, 24 February 2026","5:45:34 PM India Standard Time","100","69","2.2"
"0","225","1771935335","Tuesday, 24 February 2026","5:45:35 PM India Standard Time","100","69","2.3"
"0","226","1771935336","Tuesday, 24 February 2026","5:45:36 PM India Standard Time","100","68","2.5"
"0","227","1771935337","Tuesday, 24 February 2026","5:45:37 PM India Standard Time","100","67","2.8"
"0","228","1771935338","Tuesday, 24 February 2026","5:45:38 PM India Standard Time","100","68","3.0"
"0","229","1771935339","Tuesday, 24 February 2026","5:45:39 PM India Standard Time","100","68","3.0"
"0","230","1771935340","Tuesday, 24 February 2026","5:45:40 PM India Standard Time","100","68","2.9"
"0","231","1771935341","Tuesday, 24 February 2026","5:45:41 PM India Standard Time","100","68","2.9"
"0","232","1771935342","Tuesday, 24 February 2026","5:45:42 PM India Standard Time","100","67","3.0"
"0","233","1771935343","Tuesday, 24 February 2026","5:45:43 PM India Standard Time","100","65","3.2"
"0","234","1771935344","Tuesday, 24 February 2026","5:45:44 PM India Standard Time","100","66","3.1"
"0","235","1771935345","Tuesday, 24 February 2026","5:45:45 PM India Standard Time","100","67","3.1"
"0","236","1771935346","Tuesday, 24 February 2026","5:45:46 PM India Standard Time","100","67","3.0"
"0","237","1771935347","Tuesday, 24 February 2026","5:45:47 PM India Standard Time","100","67","3.0"
"0","238","1771935348","Tuesday, 24 February 2026","5:45:48 PM India Standard Time","100","65","3.0"
"0","239","1771935349","Tuesday, 24 February 2026","5:45:49 PM India Standard Time","100","64","3.0"
"0","240","1771935350","Tuesday, 24 February 2026","5:45:50 PM India Standard Time","100","67","2.9"
"0","241","1771935351","Tuesday, 24 February 2026","5:45:51 PM India Standard Time","100","68","2.9"
"0","242","1771935352","Tuesday, 24 February 2026","5:45:52 PM India Standard Time","100","68","2.8"
"0","243","1771935353","Tuesday, 24 February 2026","5:45:53 PM India Standard Time","100","68","2.8"
"0","244","1771935354","Tuesday, 24 February 2026","5:45:54 PM India Standard Time","99","68","2.7"
"0","245","1771935355","Tuesday, 24 February 2026","5:45:55 PM India Standard Time","99","68","2.7"
"0","246","1771935356","Tuesday, 24 February 2026","5:45:56 PM India Standard Time","99","68","2.7"
"0","247","1771935357","Tuesday, 24 February 2026","5:45:57 PM India Standard Time","99","68","2.8"
"0","248","1771935358","Tuesday, 24 February 2026","5:45:58 PM India Standard Time","99","70","3.0"
"0","249","1771935359","Tuesday, 24 February 2026","5:45:59 PM India Standard Time","99","70","3.0"
"0","250","1771935360","Tuesday, 24 February 2026","5:46:00 PM India Standard Time","100","71","2.7"
"0","251","1771935361","Tuesday, 24 February 2026","5:46:01 PM India Standard Time","100","69","2.7"
"0","252","1771935362","Tuesday, 24 February 2026","5:46:02 PM India Standard Time","100","68","2.7"
"0","253","1771935363","Tuesday, 24 February 2026","5:46:03 PM India Standard Time","100","68","2.2"
"0","254","1771935364","Tuesday, 24 February 2026","5:46:04 PM India Standard Time","100","67","2.4"
"0","255","1771935365","Tuesday, 24 February 2026","5:46:05 PM India Standard Time","100","67","2.0"
"0","256","1771935366","Tuesday, 24 February 2026","5:46:06 PM India Standard Time","100","67","2.0"
"0","257","1771935367","Tuesday, 24 February 2026","5:46:07 PM India Standard Time","100","66","2.0"
"0","258","1771935368","Tuesday, 24 February 2026","5:46:08 PM India Standard Time","100","66","2.2"
"0","259","1771935369","Tuesday, 24 February 2026","5:46:09 PM India Standard Time","100","66","2.2"
"0","260","1771935370","Tuesday, 24 February 2026","5:46:10 PM India Standard Time","100","65","2.1"
"0","261","1771935371","Tuesday, 24 February 2026","5:46:11 PM India Standard Time","100","65","2.5"
"0","262","1771935372","Tuesday, 24 February 2026","5:46:12 PM India Standard Time","100","67","2.5"
"0","263","1771935373","Tuesday, 24 February 2026","5:46:13 PM India Standard Time","100","67","2.5"
"0","264","1771935374","Tuesday, 24 February 2026","5:46:14 PM India Standard Time","100","71","2.3"
"0","265","1771935375","Tuesday, 24 February 2026","5:46:15 PM India Standard Time","100","71","2.7"
"0","266","1771935376","Tuesday, 24 February 2026","5:46:16 PM India Standard Time","100","71","2.5"
"0","267","1771935377","Tuesday, 24 February 2026","5:46:17 PM India Standard Time","100","72","2.4"
"0","268","1771935378","Tuesday, 24 February 2026","5:46:18 PM India Standard Time","100","72","2.2"
"0","269","1771935379","Tuesday, 24 February 2026","5:46:19 PM India Standard Time","100","70","2.4"
"0","270","1771935380","Tuesday, 24 February 2026","5:46:20 PM India Standard Time","100","71","2.1"
"0","271","1771935381","Tuesday, 24 February 2026","5:46:21 PM India Standard Time","100","71","1.7"
"0","272","1771935382","Tuesday, 24 February 2026","5:46:22 PM India Standard Time","100","68","1.9"
"0","273","1771935383","Tuesday, 24 February 2026","5:46:23 PM India Standard Time","100","68","1.7"
"0","274","1771935384","Tuesday, 24 February 2026","5:46:24 PM India Standard Time","100","69","1.6"
"0","275","1771935385","Tuesday, 24 February 2026","5:46:25 PM India Standard Time","100","69","1.6"
"0","276","1771935386","Tuesday, 24 February 2026","5:46:26 PM India Standard Time","100","71","1.6"
"0","277","1771935387","Tuesday, 24 February 2026","5:46:27 PM India Standard Time","100","71","1.6"
"0","278","1771935388","Tuesday, 24 February 2026","5:46:28 PM India Standard Time","100","72","1.7"
"0","279","1771935389","Tuesday, 24 February 2026","5:46:29 PM India Standard Time","100","71","1.9"
"0","280","1771935390","Tuesday, 24 February 2026","5:46:30 PM India Standard Time","100","72","1.9"
"0","281","1771935391","Tuesday, 24 February 2026","5:46:31 PM India Standard Time","100","72","1.9"
"0","282","1771935392","Tuesday, 24 February 2026","5:46:32 PM India Standard Time","100","71","2.0"
"0","283","1771935393","Tuesday, 24 February 2026","5:46:33 PM India Standard Time","100","72","2.1"
"0","284","1771935394","Tuesday, 24 February 2026","5:46:34 PM India Standard Time","100","72","2.1"
"0","285","1771935395","Tuesday, 24 February 2026","5:46:35 PM India Standard Time","100","71","2.1"
"0","286","1771935396","Tuesday, 24 February 2026","5:46:36 PM India Standard Time","100","70","2.2"
"0","287","1771935397","Tuesday, 24 February 2026","5:46:37 PM India Standard Time","100","70","2.2"
"0","288","1771935398","Tuesday, 24 February 2026","5:46:38 PM India Standard Time","100","69","2.2"
"0","289","1771935399","Tuesday, 24 February 2026","5:46:39 PM India Standard Time","100","69","2.3"
"0","290","1771935400","Tuesday, 24 February 2026","5:46:40 PM India Standard Time","100","69","2.4"
"0","291","1771935401","Tuesday, 24 February 2026","5:46:41 PM India Standard Time","100","69","2.2"
"0","292","1771935402","Tuesday, 24 February 2026","5:46:42 PM India Standard Time","100","68","2.3"
"0","293","1771935403","Tuesday, 24 February 2026","5:46:43 PM India Standard Time","100","67","2.3"
"0","294","1771935404","Tuesday, 24 February 2026","5:46:44 PM India Standard Time","100","67","2.3"
"0","295","1771935405","Tuesday, 24 February 2026","5:46:45 PM India Standard Time","100","67","2.5"
"0","296","1771935406","Tuesday, 24 February 2026","5:46:46 PM India Standard Time","100","67","2.6"
"0","297","1771935407","Tuesday, 24 February 2026","5:46:47 PM India Standard Time","100","66","2.7"
"0","298","1771935408","Tuesday, 24 February 2026","5:46:48 PM India Standard Time","100","67","2.7"
"0","299","1771935409","Tuesday, 24 February 2026","5:46:49 PM India Standard Time","100","67","2.7"
"0","300","1771935410","Tuesday, 24 February 2026","5:46:50 PM India Standard Time","100","66","2.8"
"0","301","1771935411","Tuesday, 24 February 2026","5:46:51 PM India Standard Time","100","64","3.0"
"0","302","1771935412","Tuesday, 24 February 2026","5:46:52 PM India Standard Time","100","64","3.1"
"0","303","1771935413","Tuesday, 24 February 2026","5:46:53 PM India Standard Time","100","63","3.2"
"0","304","1771935414","Tuesday, 24 February 2026","5:46:54 PM India Standard Time","100","64","3.2"
"0","305","1771935415","Tuesday, 24 February 2026","5:46:55 PM India Standard Time","100","64","3.1"
"0","306","1771935416","Tuesday, 24 February 2026","5:46:56 PM India Standard Time","100","64","2.6"
"0","307","1771935417","Tuesday, 24 February 2026","5:46:57 PM India Standard Time","100","64","2.8"
"0","308","1771935418","Tuesday, 24 February 2026","5:46:58 PM India Standard Time","100","65","2.8"
"0","309","1771935419","Tuesday, 24 February 2026","5:46:59 PM India Standard Time","100","65","2.8"
"0","310","1771935420","Tuesday, 24 February 2026","5:47:00 PM India Standard Time","100","65","3.0"
"0","311","1771935421","Tuesday, 24 February 2026","5:47:01 PM India Standard Time","100","67","3.1"
"0","312","1771935422","Tuesday, 24 February 2026","5:47:02 PM India Standard Time","100","68","3.0"
"0","313","1771935423","Tuesday, 24 February 2026","5:47:03 PM India Standard Time","100","68","3.0"
"0","314","1771935424","Tuesday, 24 February 2026","5:47:04 PM India Standard Time","100","67","3.3"
"0","315","1771935425","Tuesday, 24 February 2026","5:47:05 PM India Standard Time","100","66","3.5"
"0","316","1771935426","Tuesday, 24 February 2026","5:47:06 PM India Standard Time","100","66","3.4"
"0","317","1771935427","Tuesday, 24 February 2026","5:47:07 PM India Standard Time","100","66","3.0"
"0","318","1771935428","Tuesday, 24 February 2026","5:47:08 PM India Standard Time","100","66","3.6"
"0","319","1771935429","Tuesday, 24 February 2026","5:47:09 PM India Standard Time","100","66","3.6"
"0","320","1771935430","Tuesday, 24 February 2026","5:47:10 PM India Standard Time","100","66","3.6"
"0","321","1771935431","Tuesday, 24 February 2026","5:47:11 PM India Standard Time","100","66","3.6"
"0","322","1771935432","Tuesday, 24 February 2026","5:47:12 PM India Standard Time","100","65","3.7"
"0","323","1771935433","Tuesday, 24 February 2026","5:47:13 PM India Standard Time","100","66","3.7"
"0","324","1771935434","Tuesday, 24 February 2026","5:47:14 PM India Standard Time","100","68","3.6"
"0","325","1771935435","Tuesday, 24 February 2026","5:47:15 PM India Standard Time","100","68","3.5"
"0","326","1771935436","Tuesday, 24 February 2026","5:47:16 PM India Standard Time","100","66","3.8"
"0","327","1771935437","Tuesday, 24 February 2026","5:47:17 PM India Standard Time","100","66","3.8"
"0","328","1771935438","Tuesday, 24 February 2026","5:47:18 PM India Standard Time","100","67","3.7"
"0","329","1771935439","Tuesday, 24 February 2026","5:47:19 PM India Standard Time","100","65","3.4"
"0","330","1771935440","Tuesday, 24 February 2026","5:47:20 PM India Standard Time","100","66","3.5"
"0","331","1771935441","Tuesday, 24 February 2026","5:47:21 PM India Standard Time","100","66","3.3"
"0","332","1771935442","Tuesday, 24 February 2026","5:47:22 PM India Standard Time","100","66","3.2"
"0","333","1771935443","Tuesday, 24 February 2026","5:47:23 PM India Standard Time","100","65","3.3"
"0","334","1771935444","Tuesday, 24 February 2026","5:47:24 PM India Standard Time","100","63","3.3"
"0","335","1771935445","Tuesday, 24 February 2026","5:47:25 PM India Standard Time","100","63","3.2"
"0","336","1771935446","Tuesday, 24 February 2026","5:47:26 PM India Standard Time","100","62","3.4"
"0","337","1771935447","Tuesday, 24 February 2026","5:47:27 PM India Standard Time","100","62","3.4"
"0","338","1771935448","Tuesday, 24 February 2026","5:47:28 PM India Standard Time","100","62","3.5"
"0","339","1771935449","Tuesday, 24 February 2026","5:47:29 PM India Standard Time","100","62","2.9"
"0","340","1771935450","Tuesday, 24 February 2026","5:47:30 PM India Standard Time","100","63","2.7"
"0","341","1771935451","Tuesday, 24 February 2026","5:47:31 PM India Standard Time","100","63","2.5"
"0","342","1771935452","Tuesday, 24 February 2026","5:47:32 PM India Standard Time","100","65","2.4"
"0","343","1771935453","Tuesday, 24 February 2026","5:47:33 PM India Standard Time","100","65","2.3"
"0","344","1771935454","Tuesday, 24 February 2026","5:47:34 PM India Standard Time","100","65","2.3"
"0","345","1771935455","Tuesday, 24 February 2026","5:47:35 PM India Standard Time","100","65","2.3"
"0","346","1771935456","Tuesday, 24 February 2026","5:47:36 PM India Standard Time","100","67","2.4"
"0","347","1771935457","Tuesday, 24 February 2026","5:47:37 PM India Standard Time","100","67","2.4"
"0","348","1771935458","Tuesday, 24 February 2026","5:47:38 PM India Standard Time","100","67","2.5"
"0","349","1771935459","Tuesday, 24 February 2026","5:47:39 PM India Standard Time","100","67","2.5"
"0","350","1771935460","Tuesday, 24 February 2026","5:47:40 PM India Standard Time","100","66","2.2"
"0","351","1771935461","Tuesday, 24 February 2026","5:47:41 PM India Standard Time","100","66","2.2"
"0","352","1771935462","Tuesday, 24 February 2026","5:47:42 PM India Standard Time","100","65","2.1"
"0","353","1771935463","Tuesday, 24 February 2026","5:47:43 PM India Standard Time","100","66","2.0"
"0","354","1771935464","Tuesday, 24 February 2026","5:47:44 PM India Standard Time","100","66","1.9"
"0","355","1771935465","Tuesday, 24 February 2026","5:47:45 PM India Standard Time","100","66","1.8"
"0","356","1771935466","Tuesday, 24 February 2026","5:47:46 PM India Standard Time","100","66","1.8"
"0","357","1771935467","Tuesday, 24 February 2026","5:47:47 PM India Standard Time","100","66","1.9"
"0","358","1771935468","Tuesday, 24 February 2026","5:47:48 PM India Standard Time","100","67","1.9"
"0","359","1771935469","Tuesday, 24 February 2026","5:47:49 PM India Standard Time","100","68","2.1"
"0","360","1771935470","Tuesday, 24 February 2026","5:47:50 PM India Standard Time","100","68","2.3"
"0","361","1771935471","Tuesday, 24 February 2026","5:47:51 PM India Standard Time","100","67","2.4"
"0","362","1771935472","Tuesday, 24 February 2026","5:47:52 PM India Standard Time","100","67","2.5"
"0","363","1771935473","Tuesday, 24 February 2026","5:47:53 PM India Standard Time","100","67","2.5"
"0","364","1771935474","Tuesday, 24 February 2026","5:47:54 PM India Standard Time","100","67","2.7"
"0","365","1771935475","Tuesday, 24 February 2026","5:47:55 PM India Standard Time","100","67","2.8"
"0","366","1771935476","Tuesday, 24 February 2026","5:47:56 PM India Standard Time","100","66","2.7"
"0","367","1771935477","Tuesday, 24 February 2026","5:47:57 PM India Standard Time","100","65","2.9"
"0","368","1771935478","Tuesday, 24 February 2026","5:47:58 PM India Standard Time","100","65","2.9"
"0","369","1771935479","Tuesday, 24 February 2026","5:47:59 PM India Standard Time","100","65","2.9"
"0","370","1771935480","Tuesday, 24 February 2026","5:48:00 PM India Standard Time","100","65","2.9"
"0","371","1771935481","Tuesday, 24 February 2026","5:48:01 PM India Standard Time","100","65","3.1"
"0","372","1771935482","Tuesday, 24 February 2026","5:48:02 PM India Standard Time","100","65","3.2"
"0","373","1771935483","Tuesday, 24 February 2026","5:48:03 PM India Standard Time","100","65","3.1"
"0","374","1771935484","Tuesday, 24 February 2026","5:48:04 PM India Standard Time","100","65","3.1"
"0","375","1771935485","Tuesday, 24 February 2026","5:48:05 PM India Standard Time","100","64","3.2"
"0","376","1771935486","Tuesday, 24 February 2026","5:48:06 PM India Standard Time","100","64","3.2"
"0","377","1771935487","Tuesday, 24 February 2026","5:48:07 PM India Standard Time","100","63","3.3"
"0","378","1771935488","Tuesday, 24 February 2026","5:48:08 PM India Standard Time","100","65","3.3"
"0","379","1771935489","Tuesday, 24 February 2026","5:48:09 PM India Standard Time","100","65","3.2"
"0","380","1771935490","Tuesday, 24 February 2026","5:48:10 PM India Standard Time","100","65","3.1"
"0","381","1771935491","Tuesday, 24 February 2026","5:48:11 PM India Standard Time","100","65","3.3"
"0","382","1771935492","Tuesday, 24 February 2026","5:48:12 PM India Standard Time","100","65","3.2"
"0","383","1771935493","Tuesday, 24 February 2026","5:48:13 PM India Standard Time","100","66","3.2"
"0","384","1771935494","Tuesday, 24 February 2026","5:48:14 PM India Standard Time","100","66","3.2"
"0","385","1771935495","Tuesday, 24 February 2026","5:48:15 PM India Standard Time","100","66","3.4"
"0","386","1771935496","Tuesday, 24 February 2026","5:48:16 PM India Standard Time","100","68","3.4"
"0","387","1771935497","Tuesday, 24 February 2026","5:48:17 PM India Standard Time","100","67","3.6"
"0","388","1771935498","Tuesday, 24 February 2026","5:48:18 PM India Standard Time","100","67","3.6"
"0","389","1771935499","Tuesday, 24 February 2026","5:48:19 PM India Standard Time","100","66","3.8"
"0","390","1771935500","Tuesday, 24 February 2026","5:48:20 PM India Standard Time","100","66","4.0"
"0","391","1771935501","Tuesday, 24 February 2026","5:48:21 PM India Standard Time","100","68","3.9"
"0","392","1771935502","Tuesday, 24 February 2026","5:48:22 PM India Standard Time","100","67","4.1"
"0","393","1771935503","Tuesday, 24 February 2026","5:48:23 PM India Standard Time","100","66","4.2"
"0","394","1771935504","Tuesday, 24 February 2026","5:48:24 PM India Standard Time","100","68","4.2"
"0","395","1771935505","Tuesday, 24 February 2026","5:48:25 PM India Standard Time","100","68","4.2"
"0","396","1771935506","Tuesday, 24 February 2026","5:48:26 PM India Standard Time","100","67","3.9"
"0","397","1771935507","Tuesday, 24 February 2026","5:48:27 PM India Standard Time","100","67","4.4"
"0","398","1771935508","Tuesday, 24 February 2026","5:48:28 PM India Standard Time","100","69","4.5"
"0","399","1771935509","Tuesday, 24 February 2026","5:48:29 PM India Standard Time","100","71","4.3"
"0","400","1771935510","Tuesday, 24 February 2026","5:48:30 PM India Standard Time","100","71","4.3"
"0","401","1771935511","Tuesday, 24 February 2026","5:48:31 PM India Standard Time","100","69","4.5"
"0","402","1771935512","Tuesday, 24 February 2026","5:48:32 PM India Standard Time","100","69","4.5"
"0","403","1771935513","Tuesday, 24 February 2026","5:48:33 PM India Standard Time","100","71","4.3"
"0","404","1771935514","Tuesday, 24 February 2026","5:48:34 PM India Standard Time","100","70","3.7"
"0","405","1771935515","Tuesday, 24 February 2026","5:48:35 PM India Standard Time","100","69","4.3"
"0","406","1771935516","Tuesday, 24 February 2026","5:48:36 PM India Standard Time","100","68","4.2"
"0","407","1771935517","Tuesday, 24 February 2026","5:48:37 PM India Standard Time","100","68","4.2"
"0","408","1771935518","Tuesday, 24 February 2026","5:48:38 PM India Standard Time","100","67","3.9"
"0","409","1771935519","Tuesday, 24 February 2026","5:48:39 PM India Standard Time","100","65","3.9"
"0","410","1771935520","Tuesday, 24 February 2026","5:48:40 PM India Standard Time","100","63","3.7"
"0","411","1771935521","Tuesday, 24 February 2026","5:48:41 PM India Standard Time","100","64","3.4"
"0","412","1771935522","Tuesday, 24 February 2026","5:48:42 PM India Standard Time","100","63","3.1"
"0","413","1771935523","Tuesday, 24 February 2026","5:48:43 PM India Standard Time","100","62","3.1"
"0","414","1771935524","Tuesday, 24 February 2026","5:48:44 PM India Standard Time","100","62","3.1"
"0","415","1771935525","Tuesday, 24 February 2026","5:48:45 PM India Standard Time","100","62","3.1"
"0","416","1771935526","Tuesday, 24 February 2026","5:48:46 PM India Standard Time","100","62","3.1"
"0","417","1771935527","Tuesday, 24 February 2026","5:48:47 PM India Standard Time","100","62","3.2"
"0","418","1771935528","Tuesday, 24 February 2026","5:48:48 PM India Standard Time","100","63","3.1"
"0","419","1771935529","Tuesday, 24 February 2026","5:48:49 PM India Standard Time","100","63","3.1"
"0","420","1771935530","Tuesday, 24 February 2026","5:48:50 PM India Standard Time","100","66","2.8"
"0","421","1771935531","Tuesday, 24 February 2026","5:48:51 PM India Standard Time","100","67","2.6"
"0","422","1771935532","Tuesday, 24 February 2026","5:48:52 PM India Standard Time","100","68","2.9"
"0","423","1771935533","Tuesday, 24 February 2026","5:48:53 PM India Standard Time","100","69","3.2"
"0","424","1771935534","Tuesday, 24 February 2026","5:48:54 PM India Standard Time","100","69","3.4"
"0","425","1771935535","Tuesday, 24 February 2026","5:48:55 PM India Standard Time","100","69","3.4"
"0","426","1771935536","Tuesday, 24 February 2026","5:48:56 PM India Standard Time","100","69","3.4"
"0","427","1771935537","Tuesday, 24 February 2026","5:48:57 PM India Standard Time","100","67","3.5"
"0","428","1771935538","Tuesday, 24 February 2026","5:48:58 PM India Standard Time","100","67","3.6"
"0","429","1771935539","Tuesday, 24 February 2026","5:48:59 PM India Standard Time","100","65","3.7"
"0","430","1771935540","Tuesday, 24 February 2026","5:49:00 PM India Standard Time","100","65","3.6"
"0","431","1771935541","Tuesday, 24 February 2026","5:49:01 PM India Standard Time","100","65","3.6"
"0","432","1771935542","Tuesday, 24 February 2026","5:49:02 PM India Standard Time","100","65","3.6"
"0","433","1771935543","Tuesday, 24 February 2026","5:49:03 PM India Standard Time","100","65","3.6"
"0","434","1771935544","Tuesday, 24 February 2026","5:49:04 PM India Standard Time","100","66","3.5"
"0","435","1771935545","Tuesday, 24 February 2026","5:49:05 PM India Standard Time","100","69","3.5"
"0","436","1771935546","Tuesday, 24 February 2026","5:49:06 PM India Standard Time","100","68","3.5"
"0","437","1771935547","Tuesday, 24 February 2026","5:49:07 PM India Standard Time","100","68","3.5"
"0","438","1771935548","Tuesday, 24 February 2026","5:49:08 PM India Standard Time","100","68","3.5"
"0","439","1771935549","Tuesday, 24 February 2026","5:49:09 PM India Standard Time","100","68","3.7"
"0","440","1771935550","Tuesday, 24 February 2026","5:49:10 PM India Standard Time","100","68","3.8"
"0","441","1771935551","Tuesday, 24 February 2026","5:49:11 PM India Standard Time","100","68","4.0"
"0","442","1771935552","Tuesday, 24 February 2026","5:49:12 PM India Standard Time","100","67","4.0"
"0","443","1771935553","Tuesday, 24 February 2026","5:49:13 PM India Standard Time","100","65","3.9"
"0","444","1771935554","Tuesday, 24 February 2026","5:49:14 PM India Standard Time","100","65","3.9"
"0","445","1771935555","Tuesday, 24 February 2026","5:49:15 PM India Standard Time","100","65","3.9"
"0","446","1771935556","Tuesday, 24 February 2026","5:49:16 PM India Standard Time","100","67","3.7"
"0","447","1771935557","Tuesday, 24 February 2026","5:49:17 PM India Standard Time","100","67","3.6"
"0","448","1771935558","Tuesday, 24 February 2026","5:49:18 PM India Standard Time","100","66","3.6"
"0","449","1771935559","Tuesday, 24 February 2026","5:49:19 PM India Standard Time","100","66","3.8"
"0","450","1771935560","Tuesday, 24 February 2026","5:49:20 PM India Standard Time","100","66","3.8"
"0","451","1771935561","Tuesday, 24 February 2026","5:49:21 PM India Standard Time","100","66","4.1"
"0","452","1771935562","Tuesday, 24 February 2026","5:49:22 PM India Standard Time","100","66","4.4"
"0","453","1771935563","Tuesday, 24 February 2026","5:49:23 PM India Standard Time","100","66","4.4"
"0","454","1771935564","Tuesday, 24 February 2026","5:49:24 PM India Standard Time","100","66","4.3"
"0","455","1771935565","Tuesday, 24 February 2026","5:49:25 PM India Standard Time","100","64","4.3"
"0","456","1771935566","Tuesday, 24 February 2026","5:49:26 PM India Standard Time","100","63","4.4"
"0","457","1771935567","Tuesday, 24 February 2026","5:49:27 PM India Standard Time","100","63","4.4"
"0","458","1771935568","Tuesday, 24 February 2026","5:49:28 PM India Standard Time","100","65","4.5"
"0","459","1771935569","Tuesday, 24 February 2026","5:49:29 PM India Standard Time","100","65","4.6"
"0","460","1771935570","Tuesday, 24 February 2026","5:49:30 PM India Standard Time","100","65","4.7"
"0","461","1771935571","Tuesday, 24 February 2026","5:49:31 PM India Standard Time","100","65","4.7"
"0","462","1771935572","Tuesday, 24 February 2026","5:49:32 PM India Standard Time","100","65","4.7"
"0","463","1771935573","Tuesday, 24 February 2026","5:49:33 PM India Standard Time","100","65","4.7"
"0","464","1771935574","Tuesday, 24 February 2026","5:49:34 PM India Standard Time","100","65","4.7"
"0","465","1771935575","Tuesday, 24 February 2026","5:49:35 PM India Standard Time","100","65","4.7"
"0","466","1771935576","Tuesday, 24 February 2026","5:49:36 PM India Standard Time","100","66","4.4"
"0","467","1771935577","Tuesday, 24 February 2026","5:49:37 PM India Standard Time","100","66","4.4"
"0","468","1771935578","Tuesday, 24 February 2026","5:49:38 PM India Standard Time","100","65","4.3"
"0","469","1771935579","Tuesday, 24 February 2026","5:49:39 PM India Standard Time","100","65","4.3"
"0","470","1771935580","Tuesday, 24 February 2026","5:49:40 PM India Standard Time","100","66","4.3"
"0","471","1771935581","Tuesday, 24 February 2026","5:49:41 PM India Standard Time","100","67","3.2"
"0","472","1771935582","Tuesday, 24 February 2026","5:49:42 PM India Standard Time","100","67","4.1"
"0","473","1771935583","Tuesday, 24 February 2026","5:49:43 PM India Standard Time","100","66","3.8"
"0","474","1771935584","Tuesday, 24 February 2026","5:49:44 PM India Standard Time","100","67","3.7"
"0","475","1771935585","Tuesday, 24 February 2026","5:49:45 PM India Standard Time","100","66","2.8"
"0","476","1771935586","Tuesday, 24 February 2026","5:49:46 PM India Standard Time","100","66","2.2"
"0","477","1771935587","Tuesday, 24 February 2026","5:49:47 PM India Standard Time","100","66","2.3"
"0","478","1771935588","Tuesday, 24 February 2026","5:49:48 PM India Standard Time","100","66","2.1"
"0","479","1771935589","Tuesday, 24 February 2026","5:49:49 PM India Standard Time","100","65","2.1"
"0","480","1771935590","Tuesday, 24 February 2026","5:49:50 PM India Standard Time","100","65","2.0"
"0","481","1771935591","Tuesday, 24 February 2026","5:49:51 PM India Standard Time","100","65","2.0"
"0","482","1771935592","Tuesday, 24 February 2026","5:49:52 PM India Standard Time","100","65","1.9"
"0","483","1771935593","Tuesday, 24 February 2026","5:49:53 PM India Standard Time","100","65","1.9"
"0","484","1771935594","Tuesday, 24 February 2026","5:49:54 PM India Standard Time","100","64","1.9"
"0","485","1771935595","Tuesday, 24 February 2026","5:49:55 PM India Standard Time","100","63","2.0"
"0","486","1771935596","Tuesday, 24 February 2026","5:49:56 PM India Standard Time","100","63","2.1"
"0","487","1771935597","Tuesday, 24 February 2026","5:49:57 PM India Standard Time","100","63","2.1"
"0","488","1771935598","Tuesday, 24 February 2026","5:49:58 PM India Standard Time","100","63","2.1"
"0","489","1771935599","Tuesday, 24 February 2026","5:49:59 PM India Standard Time","100","64","2.2"
"0","490","1771935600","Tuesday, 24 February 2026","5:50:00 PM India Standard Time","100","64","2.1"
"0","491","1771935601","Tuesday, 24 February 2026","5:50:01 PM India Standard Time","100","64","2.2"
"0","492","1771935602","Tuesday, 24 February 2026","5:50:02 PM India Standard Time","100","65","2.1"
"0","493","1771935603","Tuesday, 24 February 2026","5:50:03 PM India Standard Time","100","66","2.0"
"0","494","1771935604","Tuesday, 24 February 2026","5:50:04 PM India Standard Time","100","67","2.0"
"0","495","1771935605","Tuesday, 24 February 2026","5:50:05 PM India Standard Time","100","67","2.0"
"0","496","1771935606","Tuesday, 24 February 2026","5:50:06 PM India Standard Time","100","67","2.0"
"0","497","1771935607","Tuesday, 24 February 2026","5:50:07 PM India Standard Time","100","67","2.0"
"0","498","1771935608","Tuesday, 24 February 2026","5:50:08 PM India Standard Time","100","66","2.0"
"0","499","1771935609","Tuesday, 24 February 2026","5:50:09 PM India Standard Time","100","65","2.3"
"0","500","1771935610","Tuesday, 24 February 2026","5:50:10 PM India Standard Time","100","65","2.3"
"0","501","1771935611","Tuesday, 24 February 2026","5:50:11 PM India Standard Time","100","64","2.4"
"0","502","1771935612","Tuesday, 24 February 2026","5:50:12 PM India Standard Time","100","64","2.4"
"0","503","1771935613","Tuesday, 24 February 2026","5:50:13 PM India Standard Time","100","64","2.4"
"0","504","1771935614","Tuesday, 24 February 2026","5:50:14 PM India Standard Time","100","64","2.5"
"0","505","1771935615","Tuesday, 24 February 2026","5:50:15 PM India Standard Time","100","63","2.6"
"0","506","1771935616","Tuesday, 24 February 2026","5:50:16 PM India Standard Time","100","63","2.6"
"0","507","1771935617","Tuesday, 24 February 2026","5:50:17 PM India Standard Time","100","63","2.7"
"0","508","1771935618","Tuesday, 24 February 2026","5:50:18 PM India Standard Time","100","63","2.7"
"0","509","1771935619","Tuesday, 24 February 2026","5:50:19 PM India Standard Time","100","63","2.8"
"0","510","1771935620","Tuesday, 24 February 2026","5:50:20 PM India Standard Time","100","63","2.9"
"0","511","1771935621","Tuesday, 24 February 2026","5:50:21 PM India Standard Time","100","65","2.9"
"0","512","1771935622","Tuesday, 24 February 2026","5:50:22 PM India Standard Time","100","66","2.9"
"0","513","1771935623","Tuesday, 24 February 2026","5:50:23 PM India Standard Time","100","65","3.0"
"0","514","1771935624","Tuesday, 24 February 2026","5:50:24 PM India Standard Time","100","64","3.0"
"0","515","1771935625","Tuesday, 24 February 2026","5:50:25 PM India Standard Time","100","64","3.0"
"0","516","1771935626","Tuesday, 24 February 2026","5:50:26 PM India Standard Time","100","64","2.9"
"0","517","1771935627","Tuesday, 24 February 2026","5:50:27 PM India Standard Time","100","64","2.9"
"0","518","1771935628","Tuesday, 24 February 2026","5:50:28 PM India Standard Time","100","63","2.8"
"0","519","1771935629","Tuesday, 24 February 2026","5:50:29 PM India Standard Time","100","64","2.5"
"0","520","1771935630","Tuesday, 24 February 2026","5:50:30 PM India Standard Time","100","64","2.6"
"0","521","1771935631","Tuesday, 24 February 2026","5:50:31 PM India Standard Time","100","64","2.5"
"0","522","1771935632","Tuesday, 24 February 2026","5:50:32 PM India Standard Time","100","62","2.5"
"0","523","1771935633","Tuesday, 24 February 2026","5:50:33 PM India Standard Time","100","62","2.8"
"0","524","1771935634","Tuesday, 24 February 2026","5:50:34 PM India Standard Time","100","62","2.9"
"0","525","1771935635","Tuesday, 24 February 2026","5:50:35 PM India Standard Time","100","62","2.5"
"0","526","1771935636","Tuesday, 24 February 2026","5:50:36 PM India Standard Time","100","62","2.5"
"0","527","1771935637","Tuesday, 24 February 2026","5:50:37 PM India Standard Time","100","62","2.5"
"0","528","1771935638","Tuesday, 24 February 2026","5:50:38 PM India Standard Time","100","62","2.3"
"0","529","1771935639","Tuesday, 24 February 2026","5:50:39 PM India Standard Time","100","62","2.3"
"0","530","1771935640","Tuesday, 24 February 2026","5:50:40 PM India Standard Time","100","61","2.3"
"0","531","1771935641","Tuesday, 24 February 2026","5:50:41 PM India Standard Time","100","61","2.4"
"0","532","1771935642","Tuesday, 24 February 2026","5:50:42 PM India Standard Time","100","62","2.5"
"0","533","1771935643","Tuesday, 24 February 2026","5:50:43 PM India Standard Time","100","62","2.5"
"0","534","1771935644","Tuesday, 24 February 2026","5:50:44 PM India Standard Time","100","63","2.4"
"0","535","1771935645","Tuesday, 24 February 2026","5:50:45 PM India Standard Time","100","63","2.5"
"0","536","1771935646","Tuesday, 24 February 2026","5:50:46 PM India Standard Time","100","62","2.5"
"0","537","1771935647","Tuesday, 24 February 2026","5:50:47 PM India Standard Time","100","63","2.4"
"0","538","1771935648","Tuesday, 24 February 2026","5:50:48 PM India Standard Time","100","63","2.4"
"0","539","1771935649","Tuesday, 24 February 2026","5:50:49 PM India Standard Time","100","63","2.4"
"0","540","1771935650","Tuesday, 24 February 2026","5:50:50 PM India Standard Time","100","64","2.4"
"0","541","1771935651","Tuesday, 24 February 2026","5:50:51 PM India Standard Time","100","64","2.5"
"0","542","1771935652","Tuesday, 24 February 2026","5:50:52 PM India Standard Time","100","64","2.7"
"0","543","1771935653","Tuesday, 24 February 2026","5:50:53 PM India Standard Time","100","64","2.8"
"0","544","1771935654","Tuesday, 24 February 2026","5:50:54 PM India Standard Time","100","63","2.8"
"0","545","1771935655","Tuesday, 24 February 2026","5:50:55 PM India Standard Time","100","64","2.9"
"0","546","1771935656","Tuesday, 24 February 2026","5:50:56 PM India Standard Time","100","64","2.9"
"0","547","1771935657","Tuesday, 24 February 2026","5:50:57 PM India Standard Time","100","63","2.7"
"0","548","1771935658","Tuesday, 24 February 2026","5:50:58 PM India Standard Time","100","62","2.7"
"0","549","1771935659","Tuesday, 24 February 2026","5:50:59 PM India Standard Time","100","61","2.7"
"0","550","1771935660","Tuesday, 24 February 2026","5:51:00 PM India Standard Time","100","61","2.9"
"0","551","1771935661","Tuesday, 24 February 2026","5:51:01 PM India Standard Time","100","61","2.9"
"0","552","1771935662","Tuesday, 24 February 2026","5:51:02 PM India Standard Time","100","61","3.0"
"0","553","1771935663","Tuesday, 24 February 2026","5:51:03 PM India Standard Time","99","62","3.0"
"0","554","1771935664","Tuesday, 24 February 2026","5:51:04 PM India Standard Time","99","62","3.0"
"0","555","1771935665","Tuesday, 24 February 2026","5:51:05 PM India Standard Time","99","61","3.0"
"0","556","1771935666","Tuesday, 24 February 2026","5:51:06 PM India Standard Time","99","61","3.1"
"0","557","1771935667","Tuesday, 24 February 2026","5:51:07 PM India Standard Time","99","61","3.1"
"0","558","1771935668","Tuesday, 24 February 2026","5:51:08 PM India Standard Time","99","61","3.1"
"0","559","1771935669","Tuesday, 24 February 2026","5:51:09 PM India Standard Time","99","61","3.2"
"0","560","1771935670","Tuesday, 24 February 2026","5:51:10 PM India Standard Time","99","61","3.2"
"0","561","1771935671","Tuesday, 24 February 2026","5:51:11 PM India Standard Time","99","62","3.3"
"0","562","1771935672","Tuesday, 24 February 2026","5:51:12 PM India Standard Time","99","62","3.3"
"0","563","1771935673","Tuesday, 24 February 2026","5:51:13 PM India Standard Time","99","62","3.5"
"0","564","1771935674","Tuesday, 24 February 2026","5:51:14 PM India Standard Time","99","61","3.8"
"0","565","1771935675","Tuesday, 24 February 2026","5:51:15 PM India Standard Time","99","61","3.8"
"0","566","1771935676","Tuesday, 24 February 2026","5:51:16 PM India Standard Time","99","61","4.0"
"0","567","1771935677","Tuesday, 24 February 2026","5:51:17 PM India Standard Time","99","62","4.1"
"0","568","1771935678","Tuesday, 24 February 2026","5:51:18 PM India Standard Time","99","65","3.8"
"0","569","1771935679","Tuesday, 24 February 2026","5:51:19 PM India Standard Time","99","66","3.6"
"0","570","1771935680","Tuesday, 24 February 2026","5:51:20 PM India Standard Time","99","66","3.6"
"0","571","1771935681","Tuesday, 24 February 2026","5:51:21 PM India Standard Time","99","67","3.5"
"0","572","1771935682","Tuesday, 24 February 2026","5:51:22 PM India Standard Time","99","67","3.6"
"0","573","1771935683","Tuesday, 24 February 2026","5:51:23 PM India Standard Time","98","67","3.6"
"0","574","1771935684","Tuesday, 24 February 2026","5:51:24 PM India Standard Time","98","67","3.4"
"0","575","1771935685","Tuesday, 24 February 2026","5:51:25 PM India Standard Time","98","68","3.4"
"0","576","1771935686","Tuesday, 24 February 2026","5:51:26 PM India Standard Time","98","67","3.2"
"0","577","1771935687","Tuesday, 24 February 2026","5:51:27 PM India Standard Time","98","67","3.2"
"0","578","1771935688","Tuesday, 24 February 2026","5:51:28 PM India Standard Time","98","66","3.1"
"0","579","1771935689","Tuesday, 24 February 2026","5:51:29 PM India Standard Time","98","65","3.0"
"0","580","1771935690","Tuesday, 24 February 2026","5:51:30 PM India Standard Time","98","62","3.1"
"0","581","1771935691","Tuesday, 24 February 2026","5:51:31 PM India Standard Time","98","62","3.2"
"0","582","1771935692","Tuesday, 24 February 2026","5:51:32 PM India Standard Time","98","62","3.2"
"0","583","1771935693","Tuesday, 24 February 2026","5:51:33 PM India Standard Time","98","64","3.2"
"0","584","1771935694","Tuesday, 24 February 2026","5:51:34 PM India Standard Time","98","64","3.2"
"0","585","1771935695","Tuesday, 24 February 2026","5:51:35 PM India Standard Time","98","65","2.8"
"0","586","1771935696","Tuesday, 24 February 2026","5:51:36 PM India Standard Time","98","65","3.0"
"0","587","1771935697","Tuesday, 24 February 2026","5:51:37 PM India Standard Time","98","67","2.9"
"0","588","1771935698","Tuesday, 24 February 2026","5:51:38 PM India Standard Time","98","67","3.0"
"0","589","1771935699","Tuesday, 24 February 2026","5:51:39 PM India Standard Time","98","67","3.0"
"0","590","1771935700","Tuesday, 24 February 2026","5:51:40 PM India Standard Time","98","67","3.0"
"0","591","1771935701","Tuesday, 24 February 2026","5:51:41 PM India Standard Time","98","68","3.1"
"0","592","1771935702","Tuesday, 24 February 2026","5:51:42 PM India Standard Time","98","68","3.1"
"0","593","1771935703","Tuesday, 24 February 2026","5:51:43 PM India Standard Time","98","67","3.2"
"0","594","1771935704","Tuesday, 24 February 2026","5:51:44 PM India Standard Time","98","65","3.2"
"0","595","1771935705","Tuesday, 24 February 2026","5:51:45 PM India Standard Time","98","65","3.2"
"0","596","1771935706","Tuesday, 24 February 2026","5:51:46 PM India Standard Time","98","65","2.9"
"0","597","1771935707","Tuesday, 24 February 2026","5:51:47 PM India Standard Time","98","64","2.9"
"0","598","1771935708","Tuesday, 24 February 2026","5:51:48 PM India Standard Time","98","63","2.7"
"0","599","1771935709","Tuesday, 24 February 2026","5:51:49 PM India Standard Time","99","63","2.6"
"0","600","1771935710","Tuesday, 24 February 2026","5:51:50 PM India Standard Time","99","63","2.6"
"0","601","1771935711","Tuesday, 24 February 2026","5:51:51 PM India Standard Time","99","63","2.6"
"0","602","1771935712","Tuesday, 24 February 2026","5:51:52 PM India Standard Time","99","63","2.6"
"0","603","1771935713","Tuesday, 24 February 2026","5:51:53 PM India Standard Time","99","63","2.6"
"0","604","1771935714","Tuesday, 24 February 2026","5:51:54 PM India Standard Time","99","63","2.7"
"0","605","1771935715","Tuesday, 24 February 2026","5:51:55 PM India Standard Time","99","63","2.9"
"0","606","1771935716","Tuesday, 24 February 2026","5:51:56 PM India Standard Time","99","62","3.2"
"0","607","1771935717","Tuesday, 24 February 2026","5:51:57 PM India Standard Time","99","62","3.4"
"0","608","1771935718","Tuesday, 24 February 2026","5:51:58 PM India Standard Time","99","62","3.4"
"0","609","1771935719","Tuesday, 24 February 2026","5:51:59 PM India Standard Time","99","62","3.4"
"0","610","1771935720","Tuesday, 24 February 2026","5:52:00 PM India Standard Time","99","62","3.5"
"0","611","1771935721","Tuesday, 24 February 2026","5:52:01 PM India Standard Time","99","63","3.6"
"0","612","1771935722","Tuesday, 24 February 2026","5:52:02 PM India Standard Time","99","64","3.3"
"0","613","1771935723","Tuesday, 24 February 2026","5:52:03 PM India Standard Time","99","65","3.0"
"0","614","1771935724","Tuesday, 24 February 2026","5:52:04 PM India Standard Time","99","65","3.3"
"0","615","1771935725","Tuesday, 24 February 2026","5:52:05 PM India Standard Time","99","65","3.2"
"0","616","1771935726","Tuesday, 24 February 2026","5:52:06 PM India Standard Time","99","68","2.8"
"0","617","1771935727","Tuesday, 24 February 2026","5:52:07 PM India Standard Time","99","68","2.8"
"0","618","1771935728","Tuesday, 24 February 2026","5:52:08 PM India Standard Time","99","71","2.6"
"0","619","1771935729","Tuesday, 24 February 2026","5:52:09 PM India Standard Time","99","71","2.5"
"0","620","1771935730","Tuesday, 24 February 2026","5:52:10 PM India Standard Time","99","71","2.5"
"0","621","1771935731","Tuesday, 24 February 2026","5:52:11 PM India Standard Time","99","69","2.4"
"0","622","1771935732","Tuesday, 24 February 2026","5:52:12 PM India Standard Time","99","68","2.5"
"0","623","1771935733","Tuesday, 24 February 2026","5:52:13 PM India Standard Time","99","68","2.6"
"0","624","1771935734","Tuesday, 24 February 2026","5:52:14 PM India Standard Time","99","68","2.6"
"0","625","1771935735","Tuesday, 24 February 2026","5:52:15 PM India Standard Time","99","68","2.6"
"0","626","1771935736","Tuesday, 24 February 2026","5:52:16 PM India Standard Time","99","68","2.5"
"0","627","1771935737","Tuesday, 24 February 2026","5:52:17 PM India Standard Time","99","67","2.4"
"0","628","1771935738","Tuesday, 24 February 2026","5:52:18 PM India Standard Time","99","67","2.4"
"0","629","1771935739","Tuesday, 24 February 2026","5:52:19 PM India Standard Time","99","65","2.4"
"0","630","1771935740","Tuesday, 24 February 2026","5:52:20 PM India Standard Time","99","65","2.4"

